sha256,mesh_dumped
00196b93935171495416b234989e1bdd18e2026ebdc8847b3676058f9ddca093,True
001b8b2bec1cf674237a1869fe9be5aa012fbfb605a9f3f73e6637b329b07e01,True
00199f6d19d2be39e4e88926caea002a833a742b677b4c6835a525dd93baf48b,True
001a8997c34ae01a9089015597f3272204e0e7945cbebbe9f8d68ca0330594da,True
001c67ba31809963e1251cd9ac6fc36888956db535f955d5e485fcb7f71a4608,True
0019fbfd7021f38ca2e27bfef75a4b390f64b9aabfa4f6e41fb99900c4003dc7,True
0018b4a09f97d0f46f255755371acea1a9cbd8250bc4cca74755b839724dfbdc,True
00189ca64c55cd2273609a6b403e696e6cc25a44a1cdf2d0d2f53b46bc243fc1,True
001cab73ecfc879d2aa6bd45906efc57e456079e2650a707124cb8c45915ccdc,True
0017baba74b4e635285e39a5c73c82c58a25d0e7eb59ba3b5de244f5e741d543,True
001a43febb6ff3b4faa2ac9f4cea2db311ad2f24a0dffb11eafc8f29518f478e,True
001c39eee61fe7d491c872fcb0492645c91accd54d348b6eb16b285a5abc765a,True
0017f21abf159abdd4ba3ed2108090be868513e0236e05257b500ac2a07fc434,True
001b59086a7f400885e944830e37e2b5e7f61cce5b41cffcf6dbaa8e003db24d,True
0018c7e85a0c50b29f17b6fb80334291ef922f656bdc77bfcf7b65e92ae9216d,True
001c9315fd31375ffb4c5e1383895738c2f4e4cfeedf04c2e9ce90e63f301c20,True
001a4b11e40f08b3cce3fc91c2dea61c5db158de29e4659571e27bcc06aba60a,True
001c78bc96b80a0281092f500e4749334f3ca74028b2dc2d1013150a3da2edaf,True
001b8892eb6ec9c2dcb086fa897449d8a51075f58b543a869d6c4c7a18ebdaa2,True
001922b62c8227273c60fb02f46d2d1b929441348020c62d8ce7bb52d0116cec,True
001a622fcb103d320348f8bd39f4770754327795e56da411da99206eac9fb23d,True
000bc09aa681b98bb7f1fcc8ad6776730ab8cdd1e9284b3052dae79b65034dd9,True
0017b82badf2d2f7a13c7ca0fcc3971aca79fcee08c1d8bd542afef042f8a031,True
000a7093f9a25952f8f9c5e148d75d2158d2421e3b3e95173a7022e0cdd146da,True
000dd123e31417bb835371922b70c367f1fd6072c2c1af5b1749b70dbf7705cb,True
000b6eee9584717c76fe73d9a2120e2387460db253030c6cb86670a812f7a25c,True
000a5c39668332edee62d796badaf8ef75ba560d2c1603d3f1bb3c5dabf58d48,True
000c12eacea5fe10903d8b5e7df27eca1d439798b207b74db8467c4f42c8e718,True
0005a0e7266e2e58167695110e5226e8ffacf5f594bb5ec006d98000992cac81,True
0001aa38f9609bf802f55536e9a3b3b1ff4ababe22ea6ae6a3258b793d59ceff,True
0015ea7c2424f733f00fe7a2066f761cd960e8abf23001064fc64297842aa69f,True
000a3e878455776c582e1fe4a5bbc1db6710069afa9f522c87861e8bf535eb0a,True
000ebfa8f5612bdce4ba835bf1efa486fcce769fabf8f0195e63249e031cfe0b,True
000fd7fd48b411893eb067b1081026ba158194614a24ee13f6e1888490210236,True
00125d57ec1be6fd04acf4c1df5528e3cb7c8d8ac8613aa242560d4c4bdff74a,True
0011154cc75eebbc6fcd73287262c4d4de67ba78d67f99d364e150e31bc57759,True
0006a9fc45ca09f7917fcf6a880603fcd5eb8f243dca46d7d7d25726bfbc102d,True
000045aad61c956b45fc468b2b2ec954636e5f647f1c1995854d46ecaa525e10,True
00173b8087aff81954bcc667da5f792505f4db0bae6987e4af8d28fb50ea8bb3,True
000d63b7c333cc4d21d71588a756d082997702b40481bcb5ef66137af1b8ea4e,True
00087f83262e10c5b4b56019ae0345f0b68b02f0e09f5487836e248d06f19bd1,True
001702e367fefe81cc450f2ee871f6a4fb7a32c56f64e1d902fded96f45e7434,True
0007b69c7d1b23dd7ef4e9e5cb690de8cbb70de0ce1a9b2d57143551bb54e572,True
000f43704b5258f07d7b891db54c977755f8b12e003312c0f1665570f5d647f3,True
001395e30a087a9ed914cb646f5195d37f57a2a1a18821e16f72c804e867f817,True
000dc4a652a6fbd807007f493643e5b562ade628c3bd7703b8d0c0479b8fa8a1,True
00038ae9c9a6f25c39e7392e7729e98ede7959992a07d6498bfc9a74d5818609,True
000f297af416e1e7a483a5a7422e9a5a154545ee38913452dbc83194fe323f5b,True
00052f6245a219734ba2b1c0721726db84588cf1caaa9202e080c9576ba6afcf,True
0002ff1e54d15aa79f55d2b8e4e7480d4e6c9c46841e23af5bf0c1db587a10b3,True
000bb8d1fe98f7ecf4f440a223fc48c28e38ccfc8bc41a5116d905434e9edb9e,True
00037b98ba7911f160865576233b872993ca46bdfdc1a71d2384a4e85ea3026f,True
00096fd5ab994d62e44faf96c086e0ecdc1aae2a73a0efcbeedfbdf700375ec7,True
0000b62fec1d42b484fcf80a248c6d65afebe02e021e495db051d5b47d001a32,True
000c8d0d78cce2613f8e803f960392b98fc8419b707d6ff647c7a339b945192c,True
000ad671a270216c6347327906b3c2c19c03082f5204273881743ac165067ff5,True
001601d7340109c9a88f61dcef07aa49493c92df75c4fff68ee95ff6d713d013,True
000c83c36ac1a04799547f8a5dfb90c92ec9d6fc04f4eae5cbbb089d1d2e23f6,True
000dc12de3878e132a887b389bd6c56030505c68679561c33de5a2deab2f50a1,True
0013859e47f970f54076a8b127653c92b64324cee1c466b75cd46f94ad73a8e5,True
000abe5b1f83c58602975eb7d0208785e3778753c6d96d279de6cbd884761c67,True
00028a923f60e1d00e3144d1dbae651532ea52d53f3bf59547565895aff876cb,True
0014b7d7d037182ba60fcdb0d4c5e2ce735c3f7b5719ada9927d5c6527a824ad,True
0001f7e37681b124e6756a0c6f9faeebbecf583a5ee3e92e2e4257b87726f911,True
00176150af28ad0ba5cf641ade9e1fd03a12b3f39cfdd998a012d7599aa4cfd0,True
001021a17872f0d7b77c29145afa9281e7d44cfc16a2bc9e4d70e76810e7f086,True
000f82cfdd8babf3a43ed8e00e0170e129e820fe81f823ae22e321f953f24187,True
0000a09b3b22da52cd0a55918c511184e5bfe4adc846e7a522bc6b227a1781a3,True
0003ef715eb294a7b9de223354b81c9ff41a2e88113abcf175be5cfa96a727c6,True
0011da1d9786d7ae203d3c8b9b9647607310c277e30855da094447f2b38be092,True
0011946024638068aa56196c0fcae8494479cd06d1d4bcb7ed7cf6eff311b6d3,True
000223fb1496e6885cc20ed47db02763a282c71e91e7a5ca2d3367b72a6c1067,True
0002f8675afaa4c6cb3c0c6a57dbdc3e193e92daef8d17fb99fc85d283c08841,True
000380336e84f141eabb3539c47933575cbb6103aef28197a81ff11d9d53a853,True
000060a495b381230860ca7315a1b585fabc651cf0833b72b6f481771cca4277,True
00079e5a1d5bf19ecd2fa5b5f5f301cf97b06e31803ddf4dd865452b3e4c6c3f,True
00039205a74885e80ae7a91ca2a10fc9a6ee7b20ce916f04054cb7e21c67ea37,True
0013ea88afb9679d5f0bc017dbb632137f74a21d6f6683ce2fd63f957f669f61,True
0016aa002edb09b61ff69396e88deedbbc7160a5ff1550e6e9bf2c23d86ab78f,True
0012225e93ae9b7abafcba35ceff9f4766dd3b62d14b4a86624d7c3ca9bcfb7d,True
00100012aba0883c150d7b11a2a34b7737b80bb1b667d733147614790ddb1939,True
00163fd0961203ab679e89c26739a3dc0192da77d402131be55020f534cc6d57,True
000d7c55c4b28011b7f3f8c09e26ec6eeb0b23e8952f9c201e68a584dd985c6b,True
00156afc8edea594bea0e41ea5e106ab5333f012b60eb61b0d52bda24c2c1507,True
